{
  "$schema": "https://raw.githubusercontent.com/grafana/grafana/master/docs/sources/developers/plugins/plugin.schema.json",
  "name": "Thruk",
  "id": "sni-thruk-datasource",
  "type": "datasource",

  "metrics": true,
  "annotations": true,

  "info": {
    "description": "thruk datasource",
    "author": {
      "name": "Sven Nierlein",
      "email": "sven.nierlein@consol.de",
      "url": "http://labs.consol.de"
    },
    "logos": {
      "small": "img/logo.svg",
      "large": "img/logo.svg"
    },
    "links": [
      { "name": "GitHub", "url": "https://github.com/sni/grafana-thruk-datasource" },
      { "name": "MIT License", "url": "https://github.com/sni/grafana-thruk-datasource/blob/master/LICENSE" }
    ],
    "keywords": ["naemon", "nagios", "thruk"],
    "screenshots": [{ "name": "thruk-datasource query editor", "path": "img/screenshot.png" }],
    "version": "2.0.7",
    "updated": "2024-04-25"
  },

  "dependencies": {
    "grafanaDependency": ">=9.0.0",
    "plugins": []
  }
}
